category,image,model_entropy,model_center_distance,model_num_peaks,model_nss,model_cc,model_auc
Action,001,12.151535987854004,240.8726018456827,4,2.1697278022766113,0.5611092680913927,0.9042076468467712
Action,003,12.883415222167969,329.4302753208241,4,1.5947189331054688,0.5204025317956843,0.8603333234786987
Action,005,11.590864181518555,218.65440070598103,4,2.8232171535491943,0.6685035831768147,0.906623363494873
Action,007,12.713640213012695,268.36163566658564,4,1.525338888168335,0.498180761010393,0.8843570351600647
Action,009,12.702080726623535,280.6934392712827,8,2.0944831371307373,0.5557977598701772,0.8816969990730286
Action,011,12.049973487854004,238.37393986403532,4,3.046128749847412,0.757991859715099,0.874817967414856
Action,013,12.940389633178711,211.13336241427328,16,1.4317889213562012,0.49482935849642906,0.8627601861953735
Action,015,12.040159225463867,215.68763416562516,4,2.9095571041107178,0.7446711198647262,0.8831212520599365
Action,017,12.941542625427246,274.80785830043243,8,1.6624277830123901,0.5212580476330657,0.8667982816696167
Action,019,12.80168628692627,250.7148372972487,16,1.7476108074188232,0.6401972299090574,0.8838415145874023
Action,021,12.743054389953613,310.8609393490289,12,1.1948978900909424,0.45031895074523987,0.8606951832771301
Action,023,12.624043464660645,252.89881946685648,4,1.928554892539978,0.5998825865407741,0.8616092801094055
Action,025,12.415528297424316,270.6555354179893,8,1.882569670677185,0.6339549475879319,0.8693851828575134
Action,027,12.912001609802246,262.4829197130182,4,1.3985300064086914,0.4918318204952842,0.858372688293457
Action,029,12.100788116455078,192.4102587325096,12,1.8699702024459839,0.5655716993391352,0.8612818717956543
Action,031,12.459732055664062,216.1351481672682,16,1.861185073852539,0.6341321108739091,0.8494985103607178
Action,033,12.101552963256836,254.0209629670367,4,2.0714521408081055,0.5522058104391702,0.879964292049408
Action,035,13.068439483642578,277.47815773832076,12,1.574527621269226,0.6095605055052856,0.8407440185546875
Action,037,13.02094554901123,254.01059159692406,12,1.6968456506729126,0.5664571735167709,0.8790006637573242
Action,039,12.843451499938965,219.06961939767817,4,2.163604259490967,0.6556794368450723,0.906107485294342
Action,041,12.342171669006348,168.80875574812552,4,2.711137294769287,0.5839511363649293,0.9286704659461975
Action,043,12.3129243850708,173.1443194902584,8,2.3072290420532227,0.6346712353062416,0.9249533414840698
Action,045,12.013504028320312,198.85202022019135,4,4.23752498626709,0.809639896460296,0.9269707202911377
Action,047,12.265423774719238,165.76607088925937,4,4.784110069274902,0.8606659222367771,0.9479706883430481
Action,049,12.116580963134766,182.04935233072115,4,4.555234909057617,0.8469892744423639,0.9349805116653442
Action,051,12.820176124572754,232.04431140894653,8,1.5875755548477173,0.5928573875010249,0.8702195286750793
Action,053,12.691913604736328,239.57446362230843,4,2.3276970386505127,0.6810319976248109,0.8808906674385071
Action,055,12.980924606323242,228.76702514813292,4,1.3903019428253174,0.49274945083595256,0.8794679641723633
Action,057,12.68600845336914,212.1503334792346,8,2.03539776802063,0.7422028131421857,0.8664637804031372
Action,059,12.88435173034668,248.5345073895108,16,1.4360136985778809,0.4737054823802936,0.860179603099823
Action,061,12.288739204406738,204.78512047517546,4,2.8613898754119873,0.6893529588829133,0.9298426508903503
Action,063,13.040518760681152,262.2477496527718,4,1.4166960716247559,0.5641215721122648,0.8399715423583984
Action,065,11.893731117248535,150.17555451078456,8,4.081700325012207,0.7568617512432896,0.9206409454345703
Action,067,12.4738130569458,204.90680629771003,8,2.4573233127593994,0.6710424318982925,0.9082306027412415
Action,069,12.22645092010498,181.09553373230622,4,2.7769150733947754,0.6772170152355391,0.917076051235199
Affective,001,13.375309944152832,284.45422845928476,16,1.099038004875183,0.5012045296523161,0.7980412244796753
Affective,003,13.132282257080078,357.5871937371049,4,1.5471246242523193,0.606882890674739,0.8156290054321289
Affective,005,12.765864372253418,261.3742554265957,4,1.8601901531219482,0.5829034753144331,0.8648930191993713
Affective,007,12.582393646240234,181.7661313436762,4,3.1726572513580322,0.8529591045605049,0.9173859357833862
Affective,009,12.95211124420166,253.53140378310442,12,1.7177057266235352,0.5952616238649782,0.8688614368438721
Affective,011,12.054774284362793,154.28997996059388,8,3.2472777366638184,0.82483990742618,0.9096382260322571
Affective,013,12.759054183959961,266.3422483166198,8,1.3499630689620972,0.4873288435206004,0.8315102458000183
Affective,015,12.763337135314941,376.46258349500664,12,2.053757905960083,0.5922539639206098,0.8651875853538513
Affective,017,12.840204238891602,311.9666471431581,12,1.7371665239334106,0.5931296063061737,0.8629063963890076
Affective,019,12.869925498962402,285.0662323064181,4,1.8656175136566162,0.6102226966892151,0.8394141793251038
Affective,021,13.360086441040039,262.8023739776932,16,1.61953866481781,0.6326902003309283,0.8092930316925049
Affective,023,12.32568073272705,183.29485639739983,12,2.4903204441070557,0.759767713221245,0.9325278401374817
Affective,025,12.83655834197998,242.4399724940584,8,1.7270156145095825,0.5294681863416015,0.854141354560852
Affective,027,13.407025337219238,308.96778067220663,4,2.1587793827056885,0.6374898153953913,0.887302815914154
Affective,029,12.853790283203125,245.07481279991637,12,1.3068703413009644,0.4565459525948973,0.8459365367889404
Affective,031,12.847509384155273,239.03401990129228,4,2.910465717315674,0.756134711317598,0.9038325548171997
Affective,033,12.81912612915039,232.37019020539375,12,2.1614632606506348,0.7035673925475715,0.9047884345054626
Affective,035,12.636688232421875,195.4365991622362,4,3.199223279953003,0.6903303461824989,0.9109336137771606
Affective,037,12.697263717651367,225.18696755771128,4,2.0060527324676514,0.4193124582354704,0.8958569169044495
Affective,039,12.125004768371582,179.93002771751074,8,2.986499547958374,0.7678751218414038,0.932837724685669
Affective,041,12.585375785827637,214.85292089378976,8,2.4023663997650146,0.6040773264051263,0.8995239734649658
Affective,043,13.012580871582031,270.02227272424545,4,1.7279754877090454,0.44573707229966614,0.8616990447044373
Affective,045,12.763937950134277,270.58436660688386,8,1.7861642837524414,0.5390412308581941,0.8574668169021606
Affective,047,13.270462036132812,270.7094472263952,4,1.601520299911499,0.5739278076134637,0.8182469010353088
Affective,049,12.856968879699707,272.9227200724558,4,2.213705062866211,0.6399265274508876,0.9096764326095581
Affective,051,12.667214393615723,337.17041892254275,4,1.2989336252212524,0.441432955355775,0.8172264695167542
Affective,053,12.608475685119629,308.6609511844939,8,2.0212135314941406,0.592079744331298,0.8709461092948914
Affective,055,12.48073959350586,211.73381169555034,8,1.750853180885315,0.5755903849264591,0.9039401412010193
Affective,057,12.274689674377441,214.06354833234286,4,3.623823404312134,0.7764984924368147,0.9270841479301453
Affective,059,12.055854797363281,135.24254329979567,8,2.3078501224517822,0.6527842248217981,0.9031994938850403
Affective,061,12.711481094360352,252.6408230423602,8,1.2896758317947388,0.47327516789546936,0.8399057388305664
Affective,063,12.401200294494629,174.88754227778037,8,3.6695821285247803,0.8294498242841356,0.9399359822273254
Affective,065,11.889945030212402,143.1035410382252,4,3.4394736289978027,0.7222118239575182,0.940018892288208
Affective,067,12.703621864318848,200.75904149117505,4,3.2086236476898193,0.7785541190397919,0.8888217210769653
Affective,069,12.072744369506836,147.82129125375496,8,2.959238052368164,0.6821486379631426,0.9462811946868896
Art,001,12.858511924743652,201.0200432838471,8,1.6337792873382568,0.6393657818064642,0.8552826046943665
Art,003,12.708847045898438,204.46863420783345,4,2.3015427589416504,0.7334644432337747,0.8765668272972107
Art,005,12.909372329711914,229.24928786781902,8,2.659773588180542,0.7268582376169025,0.8905413746833801
Art,007,13.370125770568848,291.17913273132666,24,1.383008599281311,0.46123451569835855,0.8300241827964783
Art,009,13.35299301147461,260.98175429085074,32,1.6101406812667847,0.6263085378789207,0.8340107202529907
Art,011,13.113781929016113,255.23767201412517,4,1.4721124172210693,0.5928520754860563,0.7700409889221191
Art,013,13.515691757202148,298.2623480282135,36,1.0096962451934814,0.4227991187583419,0.7776250243186951
Art,015,13.120347023010254,284.6728103450736,12,1.4543004035949707,0.5671104546479601,0.8558415174484253
Art,017,13.285009384155273,288.5464171064708,8,1.594557523727417,0.6361998605411461,0.8661271929740906
Art,019,13.363662719726562,274.60707198113425,16,1.3072978258132935,0.525714128788383,0.8227877020835876
Art,021,13.293143272399902,256.15629968457233,8,1.8298289775848389,0.6549064663532482,0.8527075052261353
Art,023,12.18644905090332,236.78004646582266,4,2.387512683868408,0.6202096035810368,0.8884817957878113
Art,025,13.380789756774902,298.6662663469488,12,1.4667999744415283,0.5851362445765703,0.8206628561019897
Art,027,12.281195640563965,174.3953330612431,8,2.2028584480285645,0.6575872122957331,0.8973496556282043
Art,029,13.209505081176758,274.006363390542,4,2.341531753540039,0.7447356505754001,0.8660076856613159
Art,031,13.220247268676758,241.1751634393994,4,2.2531003952026367,0.6694144075506308,0.8746286630630493
Art,033,12.530058860778809,165.50641991538828,8,3.251025915145874,0.7078169972920164,0.9148892164230347
Art,035,13.368451118469238,291.9300169424182,24,0.924162745475769,0.33653587655828915,0.775698721408844
Art,037,13.082839012145996,247.07592478996287,8,1.649306297302246,0.6546492314676073,0.8690741062164307
Art,039,13.228109359741211,247.698058919577,28,1.9895895719528198,0.6532507309342954,0.9081341028213501
Art,041,13.393783569335938,271.71515281021044,4,2.1318044662475586,0.6841617778433855,0.873581051826477
Art,043,13.505833625793457,281.33360037887275,32,1.4965747594833374,0.5693816525617158,0.8299704194068909
Art,045,13.425298690795898,281.5054225607931,8,1.2988216876983643,0.5487186563851879,0.8237099647521973
Art,047,13.506027221679688,286.0341517963374,4,1.125495433807373,0.4427716813461728,0.7875694632530212
Art,049,12.946282386779785,221.50111101546648,8,2.359713077545166,0.729926587878543,0.8706659078598022
Art,051,12.077905654907227,151.90340575960138,4,2.5704169273376465,0.7557340819638887,0.9303178191184998
Art,053,12.849437713623047,283.1475074831578,4,2.223714828491211,0.6598384695754699,0.8930891156196594
Art,055,13.016860008239746,279.06130810323685,4,2.1676080226898193,0.7517163978916197,0.8474387526512146
Art,057,13.227394104003906,269.1352720536252,4,1.069390058517456,0.48694702802390666,0.8101123571395874
Art,059,13.356375694274902,320.639071280757,4,1.2063136100769043,0.49905626403805364,0.782977283000946
Art,061,13.346159934997559,306.58040234887903,8,1.371857762336731,0.5123522811905721,0.8594642877578735
Art,063,13.47142219543457,296.1966896390677,4,3.79386305809021,0.8113752221497528,0.8955402374267578
Art,065,13.43342399597168,322.802816232721,8,1.1396615505218506,0.4969662685169048,0.8273701071739197
Art,067,12.65082836151123,238.29834315843718,8,2.087446689605713,0.6193805738354851,0.9069626331329346
Art,069,13.409844398498535,306.5767598702839,16,1.3202992677688599,0.5213945642651027,0.8456645011901855
BlackWhite,001,12.869498252868652,215.11816438711693,4,2.0721664428710938,0.6965082196521262,0.8773906826972961
BlackWhite,003,13.221323013305664,294.66073054348743,8,1.338891863822937,0.5427195510120687,0.8205217123031616
BlackWhite,005,12.751396179199219,213.23056851759182,8,2.5960910320281982,0.7043424650573072,0.9114442467689514
BlackWhite,007,13.0982666015625,351.54585862403314,8,0.7026306390762329,0.2643294306024783,0.8382278680801392
BlackWhite,009,12.766826629638672,294.2039488068891,8,1.4702825546264648,0.4919334402737265,0.8563572764396667
BlackWhite,011,12.61561393737793,217.30015421886182,4,3.0314245223999023,0.7429384914439269,0.9147287607192993
BlackWhite,013,12.78862476348877,341.4663523387859,4,2.14029598236084,0.6820241147701844,0.8491525053977966
BlackWhite,015,12.80955696105957,320.0407449960449,8,2.003542900085449,0.5958179007408243,0.8865293860435486
BlackWhite,017,12.818061828613281,280.3215723224868,12,2.520514726638794,0.6180253820347001,0.9025378227233887
BlackWhite,019,12.850598335266113,257.50611869497516,12,2.3941123485565186,0.7202300964306785,0.889553427696228
BlackWhite,021,12.789032936096191,335.8046578749317,4,3.1294758319854736,0.7267289371274889,0.870621919631958
BlackWhite,023,12.791118621826172,278.3204732095235,4,1.4433598518371582,0.4763989406692696,0.8471710085868835
BlackWhite,025,12.431242942810059,237.0714343736269,8,2.2336902618408203,0.6562354082415719,0.8881672024726868
BlackWhite,027,12.414140701293945,227.94673367842353,4,2.8599252700805664,0.7498161710656162,0.9201260805130005
BlackWhite,029,12.81396484375,196.5586900174092,8,3.0400171279907227,0.746248185955341,0.9060865640640259
BlackWhite,031,12.379348754882812,191.7805538162088,4,2.758335828781128,0.6668286777585022,0.8935009241104126
BlackWhite,033,13.302520751953125,307.835448344675,8,2.0521583557128906,0.6105681595261105,0.8726657629013062
BlackWhite,035,12.571233749389648,188.0756953890379,4,3.0890865325927734,0.7691637597803733,0.9103679656982422
BlackWhite,037,13.152070045471191,276.60954110242795,12,1.8047770261764526,0.5407268829462966,0.8732239007949829
BlackWhite,039,12.442028999328613,272.90124080598605,4,3.6677448749542236,0.8594721085653692,0.9067626595497131
BlackWhite,041,12.530478477478027,215.6650427494534,12,2.0518035888671875,0.6228754802173231,0.890659749507904
BlackWhite,043,12.466270446777344,223.96310862536268,8,2.8231635093688965,0.7370734653315341,0.8960095643997192
BlackWhite,045,12.623271942138672,247.48516290154205,8,2.9537110328674316,0.7936789095818716,0.8905795216560364
BlackWhite,047,12.205928802490234,238.3837504788418,8,3.157444477081299,0.7865315059770874,0.9233545660972595
BlackWhite,049,11.985532760620117,232.62296009675535,8,2.735600233078003,0.7225666099215478,0.8966989517211914
BlackWhite,051,12.491110801696777,192.368709369398,4,3.572680711746216,0.8442025572688421,0.903046727180481
BlackWhite,053,12.129463195800781,188.37157457259403,4,1.8952902555465698,0.543555283734754,0.8875450491905212
BlackWhite,055,13.053951263427734,339.42502470733206,8,1.895904541015625,0.6153307241740245,0.8492432236671448
BlackWhite,057,12.995413780212402,344.7263345486315,4,1.9088215827941895,0.6043796797585981,0.8403127193450928
BlackWhite,059,13.19938850402832,284.79076355905147,8,1.8251330852508545,0.6495320682007644,0.8731013536453247
BlackWhite,061,13.277742385864258,279.2122405078976,20,1.8862667083740234,0.6604711426822343,0.8989115953445435
BlackWhite,063,12.975394248962402,260.54911124748963,28,2.102590799331665,0.6841690876661909,0.8916801810264587
BlackWhite,065,12.788127899169922,267.79699001895517,4,1.993552803993225,0.6622152512612903,0.8535235524177551
BlackWhite,067,12.803823471069336,236.1751572430939,4,2.2804830074310303,0.6480647483895796,0.910689651966095
BlackWhite,069,12.577885627746582,235.6086418593678,4,2.2131571769714355,0.6848635953627892,0.8957411646842957
Cartoon,001,13.010862350463867,289.7111171176675,8,1.170827031135559,0.47824112803754604,0.836129367351532
Cartoon,003,13.106313705444336,394.408269471849,4,1.7356343269348145,0.578054331368699,0.8332780003547668
Cartoon,005,13.201592445373535,275.7900952685975,12,1.3877424001693726,0.5342817936872113,0.7948389053344727
Cartoon,007,13.04018497467041,346.6184311201295,12,1.2721664905548096,0.5089878743271686,0.7946032285690308
Cartoon,009,12.805045127868652,197.81610592569982,12,2.1753642559051514,0.7215601583108703,0.9067559242248535
Cartoon,011,13.083683967590332,276.1146367511248,20,1.6076759099960327,0.5867752738970287,0.8640244007110596
Cartoon,013,12.831701278686523,250.86732453668515,8,2.7800426483154297,0.7570342617529908,0.9022334218025208
Cartoon,015,12.993496894836426,274.74272063289254,16,0.9610419869422913,0.4077316642177341,0.7575728297233582
Cartoon,017,12.865418434143066,312.4264365743811,8,1.9658317565917969,0.6050785379410365,0.8737214803695679
Cartoon,019,13.152658462524414,270.608805816499,8,1.6566578149795532,0.5952729491871673,0.8575846552848816
Cartoon,021,13.292524337768555,263.4549602710724,40,1.5193076133728027,0.501006593634018,0.85302734375
Cartoon,023,13.058899879455566,269.768079261668,8,1.305829644203186,0.5227208924192392,0.7948729395866394
Cartoon,025,13.5160493850708,380.814127878465,20,1.0135225057601929,0.4079401674174645,0.7688913345336914
Cartoon,027,12.89532470703125,259.28761296232256,4,2.31508469581604,0.7317108398281158,0.8797346353530884
Cartoon,029,12.875120162963867,261.88138779917375,4,2.257049560546875,0.7083608325834447,0.8933067917823792
Cartoon,031,13.138463973999023,278.5163524425481,4,1.3792856931686401,0.5296879194184829,0.8557132482528687
Cartoon,033,13.176855087280273,272.1605804745899,12,2.025968551635742,0.6536647572667453,0.8882119059562683
Cartoon,035,13.049283027648926,295.026748149107,24,1.762112021446228,0.6666349851004518,0.8716280460357666
Cartoon,037,12.819733619689941,378.69160950183027,4,1.701402187347412,0.5685737288434756,0.8185932040214539
Cartoon,039,13.328125,268.51331398498667,8,1.5904996395111084,0.5817842685597742,0.8606610298156738
Cartoon,041,12.795696258544922,222.88159203512174,4,2.7755558490753174,0.7628129375044822,0.8639059662818909
Cartoon,043,13.172162055969238,291.96152213885625,12,1.0566143989562988,0.3846655749203681,0.8154110908508301
Cartoon,045,13.26399040222168,278.78052114554583,4,0.7210777997970581,0.2865104003177199,0.8073866367340088
Cartoon,047,12.75534725189209,219.9400966771657,4,2.871141195297241,0.7676541675224152,0.8858888149261475
Cartoon,049,13.209091186523438,250.98847354340663,12,2.4090514183044434,0.6931158097297976,0.8690320253372192
Cartoon,051,13.29204273223877,274.1466585280303,4,1.4381654262542725,0.59701027853917,0.8230112195014954
Cartoon,053,12.79125690460205,208.7877824575587,4,3.5712673664093018,0.8435786130544861,0.9027543663978577
Cartoon,055,12.922491073608398,262.8916909508438,12,1.6320995092391968,0.5875624474303777,0.8676303029060364
Cartoon,057,12.671902656555176,367.8334244953352,4,1.374703288078308,0.5460778322939319,0.7885637879371643
Cartoon,059,13.093405723571777,268.596982751777,12,1.4913992881774902,0.6303701285976877,0.8329973220825195
Cartoon,061,13.043471336364746,283.7737504029563,16,1.5813164710998535,0.6079640211595686,0.8578136563301086
Cartoon,063,12.748208999633789,196.68225879047384,8,3.383002281188965,0.8054242641059406,0.891471266746521
Cartoon,065,12.841215133666992,243.03009391115233,12,1.8120020627975464,0.6291941507137779,0.8880833387374878
Cartoon,067,12.659018516540527,242.24681228140784,16,2.2087650299072266,0.6570521151257392,0.924116849899292
Cartoon,069,12.487210273742676,226.74262801095324,8,1.4307619333267212,0.40932783675813894,0.8730969429016113
Fractal,001,13.316034317016602,249.32409158111827,16,1.8580487966537476,0.6041795416053072,0.8817338943481445
Fractal,003,13.232011795043945,258.89327015139133,8,2.240203380584717,0.7396965849497866,0.8605158925056458
Fractal,005,12.71393871307373,184.75900109188078,4,2.615114450454712,0.7328607401887715,0.8755051493644714
Fractal,007,13.194700241088867,270.1947303046612,8,1.8010109663009644,0.5901953939316408,0.8642356395721436
Fractal,009,13.691644668579102,334.5194079210777,4,1.5922060012817383,0.5269213830451339,0.8048756718635559
Fractal,011,13.386727333068848,305.80824882439333,8,1.0175522565841675,0.40786211272936707,0.8038216233253479
Fractal,013,12.740620613098145,217.31563268278455,12,2.839473009109497,0.7084298244287979,0.9291630387306213
Fractal,015,13.429414749145508,264.15266467558104,16,2.456712245941162,0.573725772113432,0.879730224609375
Fractal,017,13.061676979064941,228.0282377603486,4,2.4169647693634033,0.7515079134664238,0.8664222955703735
Fractal,019,12.888038635253906,200.72471256645264,4,3.296635627746582,0.7437470956127289,0.8984966278076172
Fractal,021,13.557572364807129,295.68278048001054,12,1.4634461402893066,0.5259584496116548,0.8280274868011475
Fractal,023,13.118415832519531,219.59723515027085,4,2.2531957626342773,0.6645658520314299,0.8834335207939148
Fractal,025,13.372149467468262,253.6066275939463,16,1.9235957860946655,0.6799254324663399,0.8592604398727417
Fractal,027,13.339323043823242,272.91515564615815,4,2.44891357421875,0.7520494591637698,0.8932701945304871
Fractal,029,13.515181541442871,276.6115913255159,12,1.8207621574401855,0.5437209181425076,0.8349316716194153
Fractal,031,13.254650115966797,254.132163289123,12,1.7011314630508423,0.5428232509676789,0.8776831030845642
Fractal,033,13.429414749145508,264.15266467558104,16,2.3388142585754395,0.559260913040428,0.8527715802192688
Fractal,035,13.322874069213867,268.1169135444318,8,2.6457126140594482,0.7062605282039852,0.8885844945907593
Fractal,037,13.285984992980957,279.70910084613445,24,1.5014830827713013,0.5714105355044008,0.8606619834899902
Fractal,039,13.411250114440918,305.0453099107619,4,1.5044795274734497,0.4911679708788965,0.842576801776886
Fractal,041,13.427414894104004,291.6383907947033,4,1.4388141632080078,0.4926683753605452,0.8245058655738831
Fractal,043,13.446794509887695,303.6235416039199,12,1.9573323726654053,0.695228312916515,0.8745520710945129
Fractal,045,13.275151252746582,244.60987361582434,8,2.8825581073760986,0.7190702478630623,0.8635971546173096
Fractal,047,13.324234008789062,280.38705886270384,4,2.549818515777588,0.7585967488901498,0.880381166934967
Fractal,049,13.494385719299316,304.3357158577288,4,2.1230456829071045,0.5968270520335739,0.8397476673126221
Fractal,051,12.676003456115723,183.03418295292187,12,2.5189623832702637,0.7551303429192252,0.9210379719734192
Fractal,053,13.625166893005371,329.8172073149795,12,1.3050512075424194,0.49968838220768963,0.8229205012321472
Fractal,055,13.009787559509277,215.80561625321772,8,1.7096564769744873,0.6137826013295145,0.8885584473609924
Fractal,057,13.096269607543945,239.17472560525587,4,1.6433064937591553,0.5937256617992018,0.8821052312850952
Fractal,059,12.700752258300781,173.97749299584592,8,2.86655855178833,0.7627459341548394,0.9058262705802917
Fractal,061,12.92284107208252,215.626334680767,8,3.0266268253326416,0.7597536197017739,0.9294731020927429
Fractal,063,13.403724670410156,271.532113191086,4,2.3854353427886963,0.7288898905729116,0.8696703314781189
Fractal,065,13.340785026550293,272.3330740613486,8,1.831656813621521,0.4917926190666895,0.8768461346626282
Fractal,067,13.422682762145996,281.80746259791766,12,1.4702705144882202,0.5418125831650974,0.819752037525177
Fractal,069,13.510375022888184,298.1116518978574,8,2.0880463123321533,0.6047899972024101,0.8849990367889404
Indoor,001,13.110784530639648,240.96799925844866,32,1.367937445640564,0.5227400702970151,0.8532252907752991
Indoor,003,12.929304122924805,282.76461300980657,4,1.3994220495224,0.5061935878177903,0.852735698223114
Indoor,005,12.890708923339844,342.4097729891975,8,1.4217101335525513,0.48544576032466324,0.8596044778823853
Indoor,007,13.431472778320312,283.0999673719223,28,1.3736790418624878,0.5907851384598347,0.8087345957756042
Indoor,009,13.177228927612305,269.0427658014162,8,1.4028353691101074,0.5477528319520507,0.839809775352478
Indoor,011,13.138307571411133,253.14804976863994,12,1.984966516494751,0.5898610051750751,0.8602039217948914
Indoor,013,13.301492691040039,288.58054451828974,12,1.0690181255340576,0.4981961867443132,0.8263841867446899
Indoor,015,13.207529067993164,262.6013421950239,8,1.2026276588439941,0.516806045495717,0.8310267329216003
Indoor,017,13.207815170288086,263.0823562664137,12,1.5951852798461914,0.6433789722825315,0.8600469827651978
Indoor,019,13.308387756347656,282.1167056359661,4,1.526410460472107,0.5430075313969611,0.8542489409446716
Indoor,021,12.543566703796387,173.68131281643946,16,3.4979965686798096,0.7236731855586762,0.9129489064216614
Indoor,023,13.042929649353027,232.4857937028803,8,2.4773333072662354,0.7024629255648163,0.8797152042388916
Indoor,025,12.917474746704102,262.56852437650156,4,1.9037036895751953,0.6587308154854742,0.8645166158676147
Indoor,027,13.259483337402344,295.88665312396495,24,1.1808100938796997,0.5166304620409782,0.8146599531173706
Indoor,029,13.115118980407715,229.8700090185716,8,1.6446857452392578,0.6170982888741996,0.8199102282524109
Indoor,031,12.92170238494873,239.43533499962226,16,1.8218861818313599,0.6142439323699892,0.8415748476982117
Indoor,033,13.156294822692871,285.70023071496894,8,1.4764658212661743,0.5041779522162229,0.8378732800483704
Indoor,035,13.258783340454102,271.41331396225326,4,1.574256420135498,0.6382835253396512,0.8654558658599854
Indoor,037,12.735841751098633,327.49803266536907,4,1.6820462942123413,0.5786280286373953,0.8319646120071411
Indoor,039,13.142685890197754,291.9470545281261,12,1.499865174293518,0.5410879096591946,0.8413967490196228
Indoor,041,13.094740867614746,285.7468876150953,12,1.1381053924560547,0.4270033995830986,0.7911026477813721
Indoor,043,12.99515151977539,268.65502470784975,12,1.6133471727371216,0.5708776997902729,0.8192762732505798
Indoor,045,12.957722663879395,299.05976085514584,8,1.5064258575439453,0.5645956108189043,0.8244753479957581
Indoor,047,13.274304389953613,315.7382052391516,8,1.4363981485366821,0.4802567093196676,0.8337746262550354
Indoor,049,12.915390968322754,212.372310727543,4,2.7370171546936035,0.6822425651966975,0.8997561931610107
Indoor,051,13.296865463256836,276.0164140047648,36,1.6144535541534424,0.7125007702403349,0.8517087697982788
Indoor,053,12.981888771057129,214.5313981117622,8,2.0211825370788574,0.6742313885441491,0.9017456769943237
Indoor,055,13.047086715698242,290.81813216489996,4,1.3351693153381348,0.54475358013155,0.8400724530220032
Indoor,057,13.021077156066895,254.79919956767012,4,2.1337921619415283,0.7605300670560178,0.8239077925682068
Indoor,059,13.151942253112793,270.6920056218427,4,1.323657512664795,0.5987765407672978,0.8290213942527771
Indoor,061,13.027450561523438,239.36078782036535,4,2.1932175159454346,0.7661576920985731,0.8933431506156921
Indoor,063,13.2586088180542,277.4265481874644,16,2.0741803646087646,0.7007194028243802,0.8677229285240173
Indoor,065,13.223310470581055,276.98153699738407,4,1.7873468399047852,0.6041273857088252,0.8364388942718506
Indoor,067,13.001933097839355,283.3868660611137,4,2.111515760421753,0.683877234098653,0.8336633443832397
Indoor,069,13.210597038269043,305.8620500319321,12,1.8030495643615723,0.6469722638292544,0.852870762348175
Inverted,001,12.718143463134766,251.70764070507738,4,1.6770250797271729,0.5048221219158632,0.8861476182937622
Inverted,003,13.024702072143555,250.8921794883131,8,1.7577627897262573,0.637100891455421,0.8532857894897461
Inverted,005,12.845662117004395,261.67218041059175,4,1.7559452056884766,0.5532699970843812,0.8296234607696533
Inverted,007,13.188425064086914,266.2407918227699,12,1.580258846282959,0.6240984579188144,0.8625282049179077
Inverted,009,13.152931213378906,237.30896006457908,4,1.7495895624160767,0.5662782616898083,0.871227502822876
Inverted,011,13.267756462097168,339.1937222313394,4,1.1313825845718384,0.48304016638521285,0.807287335395813
Inverted,013,13.442700386047363,275.26755189239884,16,1.3138115406036377,0.5176290260176958,0.7953320741653442
Inverted,015,12.090743064880371,166.54356780146998,8,2.6269378662109375,0.6845008845346479,0.9182983636856079
Inverted,017,13.246464729309082,266.71604640513624,4,1.5095077753067017,0.5809982506091828,0.8504990339279175
Inverted,019,13.191417694091797,250.02700370462833,8,2.1012275218963623,0.7091783941983546,0.8414946794509888
Inverted,021,12.928277015686035,212.97673599636641,4,2.5703721046447754,0.7333731333970135,0.8604158759117126
Inverted,023,12.938222885131836,269.299366155373,12,1.3112260103225708,0.4450460899500395,0.8641628623008728
Inverted,025,13.053764343261719,273.6120256315149,12,1.8564115762710571,0.6424515874449204,0.8743922710418701
Inverted,027,13.120061874389648,303.80730775578763,16,2.916229486465454,0.7705943886195783,0.8941797018051147
Inverted,029,12.888392448425293,246.91111363827912,20,2.1867010593414307,0.7023954423893476,0.904186487197876
Inverted,031,13.497961044311523,279.282825696394,8,1.6949076652526855,0.6137980743031936,0.8348276615142822
Inverted,033,13.480254173278809,350.8517766568759,24,1.129657506942749,0.48601479244224155,0.831728458404541
Inverted,035,13.654963493347168,345.64476845739586,36,0.8997764587402344,0.37819704542924765,0.78460693359375
Inverted,037,13.306547164916992,291.886029459828,4,1.148115873336792,0.4519484740280286,0.8471376299858093
Inverted,039,12.585821151733398,244.82248886590853,8,2.6270744800567627,0.6555848079327634,0.9180191159248352
Inverted,041,12.904626846313477,251.64931399467014,4,2.6539604663848877,0.726235408996956,0.8775702118873596
Inverted,043,12.270731925964355,217.2021532112173,4,2.5879006385803223,0.6624873429993321,0.8709341883659363
Inverted,045,13.15255355834961,223.36248228096795,12,1.9260542392730713,0.5966215467095332,0.8715140223503113
Inverted,047,13.12658977508545,360.30014381545743,4,1.4855561256408691,0.541401763576015,0.8513569235801697
Inverted,049,13.014193534851074,231.97508298244006,4,1.3757338523864746,0.5249884590610328,0.8199253678321838
Inverted,051,12.836020469665527,278.7529659536371,8,1.2312885522842407,0.48559471518002284,0.8279767036437988
Inverted,053,13.239361763000488,284.175634388841,8,1.5897008180618286,0.6013932523339663,0.8520488739013672
Inverted,055,12.124261856079102,164.22699334179285,4,3.0371148586273193,0.8012277213033158,0.9155925512313843
Inverted,057,12.398680686950684,159.1071139909219,12,3.280160427093506,0.772871273171196,0.9275034666061401
Inverted,059,13.237029075622559,377.3896946237635,12,1.0366594791412354,0.5197544395470083,0.7684568762779236
Inverted,061,12.662971496582031,269.4041140272724,8,2.6674952507019043,0.7092782037560112,0.8773970007896423
Inverted,063,13.321959495544434,304.42493483809,24,0.9894660115242004,0.3610259113310749,0.832635760307312
Inverted,065,12.576629638671875,252.5756593505165,4,3.0974717140197754,0.7053446923563984,0.9128032922744751
Inverted,067,13.20136547088623,269.71978059391154,8,1.5264954566955566,0.534791388764486,0.8295780420303345
Inverted,069,13.144413948059082,245.47296994354184,12,1.831558108329773,0.5997643733036155,0.8557581901550293
Jumbled,001,13.179067611694336,267.92907600955266,8,1.1400630474090576,0.4984074511602916,0.8209032416343689
Jumbled,003,13.371247291564941,282.86862365908377,4,0.9100276827812195,0.35795612138642546,0.7906373739242554
Jumbled,005,12.80620002746582,227.23834447117673,4,1.7278386354446411,0.5448088391301644,0.8940038681030273
Jumbled,007,13.0875883102417,263.4114996437102,20,1.4184339046478271,0.514150378712925,0.8565607666969299
Jumbled,009,13.025349617004395,221.08725518581113,8,1.4356609582901,0.5894216765053355,0.8581235408782959
Jumbled,011,13.205914497375488,306.658318989562,4,1.1605277061462402,0.5102827103111214,0.804980456829071
Jumbled,013,13.48790168762207,298.5377643760079,16,0.7347639203071594,0.3552576629519225,0.7605340480804443
Jumbled,015,12.516280174255371,226.12343799005995,12,1.6296422481536865,0.5653015748026304,0.889382541179657
Jumbled,017,13.416784286499023,274.03564053525804,4,1.748741865158081,0.6164025844851397,0.8618744015693665
Jumbled,019,12.851402282714844,311.4211438119187,16,1.3226726055145264,0.5332531677976219,0.829762876033783
Jumbled,021,12.97797966003418,280.4011822216124,8,1.050763726234436,0.45360434592514287,0.7843421101570129
Jumbled,023,13.26208782196045,273.4289586445438,8,1.7155370712280273,0.6606855528191822,0.8720784187316895
Jumbled,025,13.360588073730469,307.9043947813,16,0.7567527294158936,0.3414178493791361,0.7441120147705078
Jumbled,027,13.22553825378418,289.82528104053625,4,1.3107470273971558,0.5326013035271115,0.7906906604766846
Jumbled,029,12.949419021606445,256.2002210002136,16,1.2958287000656128,0.5537545076332089,0.8372959494590759
Jumbled,031,13.026241302490234,257.00198598089105,4,1.9813189506530762,0.6365596466104434,0.8391942381858826
Jumbled,033,13.549761772155762,350.94843746717544,4,0.8054447174072266,0.35355565836288205,0.7775371670722961
Jumbled,035,13.030864715576172,266.95747047376005,20,1.8698139190673828,0.6688362502520028,0.8771958351135254
Jumbled,037,13.285785675048828,270.23029007886305,8,1.5715272426605225,0.5805369785946946,0.858649492263794
Jumbled,039,13.35590648651123,269.98029505038176,12,1.3102658987045288,0.4948858190807218,0.829833447933197
Jumbled,041,12.909440994262695,257.6944232690486,8,1.2928019762039185,0.46038900443939523,0.8591428995132446
Jumbled,043,13.060324668884277,289.3354797097211,4,1.2188425064086914,0.45637141322892694,0.8578630089759827
Jumbled,045,13.056522369384766,239.07898339178212,4,1.9498069286346436,0.7266359798110033,0.8454650640487671
Jumbled,047,13.000765800476074,272.5688969487673,4,1.7245501279830933,0.5440246815618901,0.8722050786018372
Jumbled,049,13.074974060058594,277.1150222368168,8,1.4002057313919067,0.5421215431041302,0.8214065432548523
Jumbled,051,13.392656326293945,343.2169734262523,4,0.9017237424850464,0.4334710503174415,0.7876241207122803
Jumbled,053,13.004875183105469,264.4244020014452,8,1.382856845855713,0.5530848535577922,0.8509204983711243
Jumbled,055,12.9964599609375,275.0781014329062,12,1.0567477941513062,0.5194139420722342,0.8005497455596924
Jumbled,057,13.2810697555542,322.62388107555614,12,0.9275387525558472,0.4250210377027761,0.804203987121582
Jumbled,059,13.25643539428711,281.6898548501165,8,1.240219235420227,0.4825177642698809,0.8411592841148376
Jumbled,061,13.348580360412598,317.350769743345,12,1.506923794746399,0.582953729976398,0.8130752444267273
Jumbled,063,12.90915584564209,272.88181905120706,16,1.540966272354126,0.5838040461125609,0.8690603375434875
Jumbled,065,13.114218711853027,248.24283578252908,8,1.2612640857696533,0.4578084250913453,0.8381523489952087
Jumbled,067,13.285293579101562,273.0979531322528,16,1.9872652292251587,0.7266168147298933,0.8776845335960388
Jumbled,069,13.298224449157715,290.1646565301538,8,1.6406826972961426,0.6210675799658674,0.8480408787727356
LineDrawing,001,13.238347053527832,284.11141696576544,8,1.7831701040267944,0.5749169100832621,0.8914847373962402
LineDrawing,003,13.379510879516602,283.6445550609813,12,2.048264503479004,0.7047123364799744,0.8755044937133789
LineDrawing,005,13.346291542053223,351.467357766104,8,1.726532220840454,0.57102893899763,0.8426348567008972
LineDrawing,007,13.263115882873535,361.30398463047106,8,0.8555548787117004,0.3910093010319205,0.8153257369995117
LineDrawing,009,12.94369125366211,244.10407291906617,8,1.8702495098114014,0.6605152395245294,0.8328453302383423
LineDrawing,011,13.240534782409668,248.9776499993562,12,1.8465907573699951,0.6599829481422561,0.8453769087791443
LineDrawing,013,13.071441650390625,250.3597613339626,8,2.3285160064697266,0.7551411827768266,0.8853229880332947
LineDrawing,015,13.196980476379395,254.45941855352902,12,1.5436670780181885,0.5177827787004319,0.8624621629714966
LineDrawing,017,13.236946105957031,299.6068890514293,20,1.7637990713119507,0.6188329558224407,0.8670452833175659
LineDrawing,019,12.47239875793457,247.61298060943645,4,2.3380911350250244,0.6849869747185764,0.9057855010032654
LineDrawing,021,13.092728614807129,302.40636423737385,8,1.4671123027801514,0.5031459387093707,0.8329295516014099
LineDrawing,023,13.32898235321045,252.4231152034399,24,1.5316274166107178,0.5769035586165446,0.847146213054657
LineDrawing,025,12.886375427246094,271.1400089447508,4,2.684737205505371,0.7178914263373557,0.8908440470695496
LineDrawing,027,12.838339805603027,303.84994147947276,4,3.0222110748291016,0.7564488900847217,0.8551191091537476
LineDrawing,029,12.867416381835938,288.14203334757696,4,1.635946273803711,0.537912717478365,0.8634963035583496
LineDrawing,031,13.319131851196289,283.02826016267073,16,1.4644029140472412,0.4957129844665203,0.8464808464050293
LineDrawing,033,13.128247261047363,273.0728825877312,12,1.3629684448242188,0.47284868095006394,0.860629677772522
LineDrawing,035,13.087006568908691,243.5775451516511,12,1.4890602827072144,0.5940815678556801,0.8108599185943604
LineDrawing,037,13.278462409973145,283.9970294028137,8,1.998424768447876,0.6368064226650596,0.8959039449691772
LineDrawing,039,13.357000350952148,289.2370646638167,12,1.3456705808639526,0.48611270762168124,0.8500071167945862
LineDrawing,041,12.987539291381836,238.7144677751143,16,1.987415075302124,0.6165994226616852,0.8705369234085083
LineDrawing,043,13.336668968200684,282.8709608742591,4,2.104332208633423,0.7049425506692849,0.8582034111022949
LineDrawing,045,13.377218246459961,258.5280493712603,8,1.7019572257995605,0.5750504769007836,0.8612006306648254
LineDrawing,047,13.352750778198242,356.12097899774943,4,1.109671950340271,0.34848755845238527,0.815483808517456
LineDrawing,049,13.076009750366211,226.0557561053705,8,2.7602832317352295,0.7736385159332967,0.9063525795936584
LineDrawing,051,13.049208641052246,326.3896729127817,4,0.6276853084564209,0.29554742114909427,0.8087313771247864
LineDrawing,053,13.182987213134766,269.98437163104387,4,2.141477584838867,0.7418420392997159,0.8208836317062378
LineDrawing,055,12.99789047241211,236.23326173439156,8,1.4848990440368652,0.6027951182500849,0.8441281318664551
LineDrawing,057,13.24304485321045,270.10284730560323,8,1.7524218559265137,0.6495391454775293,0.8792639374732971
LineDrawing,059,12.754101753234863,268.8187004905657,8,1.9804843664169312,0.6594944506958171,0.8385945558547974
LineDrawing,061,13.025801658630371,248.3335116145731,8,1.7108088731765747,0.6131848876778263,0.8731213212013245
LineDrawing,063,12.994134902954102,222.37013516925478,8,1.8694570064544678,0.6219499802832226,0.8812418580055237
LineDrawing,065,13.318633079528809,271.6287702277147,8,2.307285785675049,0.6938132398617028,0.8968550562858582
LineDrawing,067,13.326337814331055,282.98080720590406,8,1.7377487421035767,0.6210795858031262,0.881857693195343
LineDrawing,069,13.56762409210205,287.4489689060442,20,1.4996888637542725,0.575780271522832,0.8301888108253479
LowResolution,001,12.599601745605469,250.243453469634,4,1.4121795892715454,0.37463552854265836,0.8810600638389587
LowResolution,003,13.076216697692871,250.204233575211,4,2.055053949356079,0.5852284752010251,0.8707026243209839
LowResolution,005,12.96806526184082,227.64768821362833,12,1.7641404867172241,0.5039736250628941,0.8935410976409912
LowResolution,007,12.869443893432617,244.28679077620075,4,1.9440897703170776,0.5696276821198493,0.8965761065483093
LowResolution,009,13.093099594116211,258.21421021541477,12,2.5455358028411865,0.6037183992253816,0.9288930892944336
LowResolution,011,12.90165901184082,214.31302696956783,4,2.500931978225708,0.622918469015395,0.8998299837112427
LowResolution,013,13.27999496459961,314.3107365962226,24,1.5275225639343262,0.5304351216957147,0.8423660397529602
LowResolution,015,12.981989860534668,262.3574508914129,12,1.6290204524993896,0.4778775628839841,0.8868501782417297
LowResolution,017,12.96136474609375,215.02531228460373,4,2.1499664783477783,0.595509332721974,0.9020706415176392
LowResolution,019,12.481247901916504,189.42891344585007,12,1.79129958152771,0.47276815400959266,0.9077325463294983
LowResolution,021,12.819855690002441,241.03414868708495,12,2.3763625621795654,0.6287302449569842,0.8898040652275085
LowResolution,023,12.607916831970215,256.4883460329397,8,1.8679003715515137,0.548021376338493,0.8883497714996338
LowResolution,025,13.023382186889648,232.28466838131695,16,2.491410970687866,0.596245254818479,0.9019689559936523
LowResolution,027,13.131551742553711,264.49342359461065,12,2.1731247901916504,0.5600122341795608,0.8767831921577454
LowResolution,029,13.379751205444336,301.2594095096763,12,1.097481608390808,0.4194707810364008,0.8266123533248901
LowResolution,031,13.521455764770508,292.7832005987611,16,1.3793493509292603,0.3230877406948998,0.851769208908081
LowResolution,033,13.393054008483887,287.29032866902855,20,2.192349910736084,0.5527491122320498,0.9045366048812866
LowResolution,035,13.328018188476562,337.36500874842613,4,1.3124735355377197,0.3660490613624442,0.8656882643699646
LowResolution,037,12.90931510925293,283.0823914964146,4,1.4699373245239258,0.4572109695329553,0.8550735116004944
LowResolution,039,12.939041137695312,273.50948920536933,8,2.7884631156921387,0.7559901174687672,0.9045594930648804
LowResolution,041,13.464993476867676,272.61710870492243,4,2.9080092906951904,0.6114653862530663,0.8998181223869324
LowResolution,043,12.649982452392578,178.11080591013257,8,3.928328514099121,0.7596021567365974,0.9339221715927124
LowResolution,045,12.786952018737793,304.9764302693438,8,1.5083281993865967,0.44685601068673025,0.8631457686424255
LowResolution,047,13.011605262756348,275.6981695540415,4,0.9145411252975464,0.3024807435605636,0.8386152982711792
LowResolution,049,13.41067886352539,270.73021941400737,4,1.7766289710998535,0.411155408764125,0.888080894947052
LowResolution,051,12.971303939819336,351.4774051667299,4,1.1304521560668945,0.3821874749721713,0.8194437026977539
LowResolution,053,13.310410499572754,261.9151807625209,8,1.9371732473373413,0.5803334462876798,0.9084871411323547
LowResolution,055,13.07011604309082,285.02539175972413,4,2.406595468521118,0.6990135403128972,0.8783429861068726
LowResolution,057,12.485554695129395,234.8855748961666,4,2.355703115463257,0.6728392816688146,0.896719753742218
LowResolution,059,13.119811058044434,271.174142558514,4,1.7049461603164673,0.5552341382987642,0.8367561101913452
LowResolution,061,13.176924705505371,262.9903805634133,20,1.8441240787506104,0.522127062884782,0.8813666105270386
LowResolution,063,12.861605644226074,261.7662263986197,4,2.1048192977905273,0.5289988721435663,0.9104275703430176
LowResolution,065,13.033354759216309,255.45918942198466,8,2.4223744869232178,0.6827921773499842,0.9008026123046875
LowResolution,067,13.133866310119629,256.7029685942827,4,2.482698917388916,0.6074935275434646,0.8984060883522034
LowResolution,069,13.45115852355957,276.96193640166905,12,1.8922821283340454,0.470699657521263,0.8798620700836182
Noisy,001,13.312337875366211,299.23043642567137,4,1.3804681301116943,0.42169624511081355,0.859266459941864
Noisy,003,13.331337928771973,264.9128433538572,16,1.5229772329330444,0.5659825849641227,0.834067702293396
Noisy,005,12.886100769042969,220.10144819445455,8,1.8538225889205933,0.48875987118397907,0.8815302848815918
Noisy,007,13.32052230834961,252.7200229179948,12,2.0569515228271484,0.6136977894589559,0.8735944032669067
Noisy,009,13.095468521118164,234.54748837005656,16,2.319134473800659,0.5479898082406479,0.8803932070732117
Noisy,011,13.142415046691895,240.94319322196768,12,2.0873465538024902,0.5410899422990969,0.8812835812568665
Noisy,013,13.512275695800781,284.6826826937884,12,1.5088430643081665,0.5494365406585179,0.8517754077911377
Noisy,015,13.294556617736816,286.00581567365185,8,1.7053704261779785,0.5921842709581081,0.843507707118988
Noisy,017,13.350204467773438,282.5906385691605,12,1.6344090700149536,0.6180482564374986,0.8150939345359802
Noisy,019,13.028885841369629,216.72857180764467,8,1.6976722478866577,0.6008263431909194,0.8889350891113281
Noisy,021,13.168160438537598,301.49226085638537,4,1.6683921813964844,0.5325046566567101,0.8528749346733093
Noisy,023,13.365412712097168,285.3669357416623,4,1.4399263858795166,0.5280650625518052,0.8234582543373108
Noisy,025,13.19104290008545,287.88838418800253,4,1.2897160053253174,0.4161783354003265,0.8437976837158203
Noisy,027,13.538586616516113,334.14538181755967,8,1.4663795232772827,0.4824762427138614,0.8269287943840027
Noisy,029,13.401684761047363,264.80233023976655,12,1.5716371536254883,0.581075909340047,0.8163219690322876
Noisy,031,13.136740684509277,240.4217376174244,4,2.243098735809326,0.6997314278461148,0.9080055356025696
Noisy,033,13.281843185424805,277.52477586461464,8,1.8361997604370117,0.5344468483950625,0.8635743260383606
Noisy,035,12.680252075195312,195.33385729617638,8,2.4483559131622314,0.5723932688896612,0.8997848033905029
Noisy,037,13.011455535888672,222.79079506696937,12,2.0489509105682373,0.6580400797345004,0.8874459266662598
Noisy,039,12.786568641662598,191.31163046402767,4,2.273735284805298,0.5945561955926164,0.890090823173523
Noisy,041,13.23025131225586,294.6457714756398,4,1.5942620038986206,0.552110124720673,0.8307022452354431
Noisy,043,12.658863067626953,208.9696580814231,16,2.489718437194824,0.5832301874916845,0.921623706817627
Noisy,045,13.210226058959961,308.19955140589127,8,1.218939185142517,0.4772556469834892,0.852118730545044
Noisy,047,12.957221984863281,278.5722452153278,4,2.1456031799316406,0.652843629071237,0.8612865805625916
Noisy,049,13.119771003723145,254.91750299361945,4,2.7076377868652344,0.6555261653145809,0.9045799374580383
Noisy,051,13.006772994995117,210.00303836287512,16,2.635805606842041,0.7417047220033015,0.9169229865074158
Noisy,053,13.001709938049316,206.12822427962362,8,2.6176838874816895,0.7704511899146739,0.9120715260505676
Noisy,055,13.086875915527344,246.69711562891024,4,1.5209797620773315,0.5677676165988967,0.8335629105567932
Noisy,057,13.271448135375977,260.5562724630249,20,1.653955340385437,0.6077943165268779,0.833379864692688
Noisy,059,12.614192008972168,245.28394092345516,8,1.625809907913208,0.524974040686033,0.8739333152770996
Noisy,061,12.936285018920898,256.8946775955096,12,2.5451719760894775,0.7543592833598125,0.8983439207077026
Noisy,063,12.89262866973877,232.5533090354603,8,2.3952934741973877,0.6475337951165788,0.9020541310310364
Noisy,065,13.045954704284668,234.42505936677185,4,2.0528836250305176,0.614284328881772,0.8992202281951904
Noisy,067,13.054289817810059,263.8730561390643,16,2.494518995285034,0.6567744089642399,0.8824790716171265
Noisy,069,13.30029582977295,264.9875972824599,20,1.6538523435592651,0.5962559364707105,0.8570145964622498
Object,001,12.803464889526367,256.09575067531614,8,2.1575732231140137,0.6867881963286345,0.9078990817070007
Object,003,12.66738510131836,231.35441177548313,12,1.8141340017318726,0.5622070076674903,0.8862300515174866
Object,005,12.947042465209961,237.25562441121434,4,1.5222452878952026,0.5339019356054352,0.8790320158004761
Object,007,13.185416221618652,247.31752854739813,24,2.4193994998931885,0.7529870312438317,0.9132343530654907
Object,009,13.317561149597168,288.4595142519665,16,1.790714144706726,0.5832790182654631,0.8847489356994629
Object,011,12.898494720458984,221.53598684557107,12,1.4539626836776733,0.48056807552428754,0.8750155568122864
Object,013,12.438197135925293,183.2018575448841,12,3.3435699939727783,0.8020292823294818,0.9115866422653198
Object,015,12.444772720336914,227.63608804761978,4,2.7334306240081787,0.7154412760586778,0.9063321352005005
Object,017,11.80479907989502,141.66058404559843,4,4.338304042816162,0.8474247638492983,0.9429458379745483
Object,019,13.17144775390625,288.84783882851696,12,2.4602322578430176,0.7147689093000007,0.903166651725769
Object,021,13.20290470123291,255.17818432810802,20,1.9631527662277222,0.5811158292262872,0.883048415184021
Object,023,12.811468124389648,234.79241854224563,12,2.07020902633667,0.6535762218319602,0.8977569341659546
Object,025,12.826017379760742,287.90929789840663,8,2.4703407287597656,0.7072799659084102,0.8893204927444458
Object,027,12.931268692016602,207.9580341254512,4,3.3983752727508545,0.8374612248972757,0.8869273662567139
Object,029,11.085403442382812,98.13220860711391,4,4.384294033050537,0.795363458731836,0.9351373910903931
Object,031,13.011055946350098,287.994500545974,8,1.5337506532669067,0.5165028414809043,0.8256294131278992
Object,033,12.955066680908203,257.2303528470324,4,2.3002736568450928,0.6766347978758837,0.8872513771057129
Object,035,12.859905242919922,267.48265231414297,12,1.2829395532608032,0.5066622762388076,0.8374174237251282
Object,037,13.252260208129883,277.1650659374466,4,1.597363829612732,0.5140153050249041,0.8847808837890625
Object,039,12.540371894836426,208.73480874455683,8,2.3165764808654785,0.6518292613834108,0.9316830635070801
Object,041,11.73414134979248,184.47946018127604,4,2.0606443881988525,0.46864245090450474,0.8447882533073425
Object,043,12.60690975189209,285.31264126011826,4,1.7729204893112183,0.5426535243057927,0.8647268414497375
Object,045,13.382037162780762,274.0101739512463,4,1.7830572128295898,0.5900489065050353,0.8599404096603394
Object,047,13.211358070373535,409.6014236686988,4,2.1050193309783936,0.6259510554882871,0.8506103754043579
Object,049,12.492793083190918,185.60789864923865,4,2.861333131790161,0.799173707025976,0.9148632884025574
Object,051,13.304591178894043,314.01103377009855,4,0.8871849775314331,0.4131142357746943,0.790446937084198
Object,053,13.06525707244873,252.04775457802606,8,1.7957488298416138,0.6701953961947151,0.8865988850593567
Object,055,12.34934139251709,220.49437162060886,16,2.681487560272217,0.8324330597067351,0.9191474914550781
Object,057,12.354995727539062,316.45344256538135,4,1.6458481550216675,0.5500637706805728,0.8636045455932617
Object,059,12.712396621704102,221.04080592791178,28,2.0574698448181152,0.6814005908968699,0.8921488523483276
Object,061,13.16202163696289,283.9353107023719,4,1.5596404075622559,0.5244614093216979,0.8763644695281982
Object,063,13.21448040008545,270.40710381673364,4,1.956736445426941,0.67164849545357,0.8454418778419495
Object,065,12.57948112487793,220.56625493935726,4,3.2268383502960205,0.7449764478106448,0.928985595703125
Object,067,12.605426788330078,223.38043054995666,8,1.883224606513977,0.593312663038212,0.8773784637451172
Object,069,13.287260055541992,261.80724737145755,32,1.9305009841918945,0.6676980632040681,0.8680009245872498
OutdoorManMade,001,12.832085609436035,285.1171067652521,4,1.3108623027801514,0.5059624466963318,0.8445860147476196
OutdoorManMade,003,13.192329406738281,251.40886800165106,8,1.6382396221160889,0.6034402755730637,0.8581305146217346
OutdoorManMade,005,13.272435188293457,296.0067805625125,8,1.7345449924468994,0.5948152847379122,0.8641373515129089
OutdoorManMade,007,12.825013160705566,232.17912035348073,12,1.9552266597747803,0.6592778916281792,0.8898869752883911
OutdoorManMade,009,12.813302993774414,231.72194483670407,4,2.1907873153686523,0.669101976265929,0.8207175731658936
OutdoorManMade,011,13.19149112701416,268.4973654646005,4,1.5396593809127808,0.5804095084992721,0.8621307611465454
OutdoorManMade,013,13.227197647094727,259.41633146429706,4,2.0071890354156494,0.7141317318866328,0.8592488765716553
OutdoorManMade,015,13.141910552978516,256.79228414998846,4,2.258091449737549,0.7062267691189232,0.8669533729553223
OutdoorManMade,017,13.336614608764648,266.867100511095,12,1.7508503198623657,0.5898373784416411,0.8760464191436768
OutdoorManMade,019,13.124954223632812,290.3284053049919,12,1.5289767980575562,0.5787557766661874,0.8457086086273193
OutdoorManMade,021,13.283605575561523,262.78556259158455,12,1.5679906606674194,0.6255609318807729,0.8121784329414368
OutdoorManMade,023,13.204317092895508,280.7038305269849,12,1.2522521018981934,0.5642003126337166,0.798166036605835
OutdoorManMade,025,12.988633155822754,269.74024334849423,4,2.605051040649414,0.6853474372782641,0.8948447108268738
OutdoorManMade,027,12.50619125366211,193.91964503161003,16,2.032729148864746,0.6678429949983565,0.8957886695861816
OutdoorManMade,029,13.17561149597168,264.57413359349846,8,1.9855612516403198,0.7362321682747814,0.8587788939476013
OutdoorManMade,031,12.951632499694824,250.220012066847,4,1.5020854473114014,0.5554978803356537,0.8699595928192139
OutdoorManMade,033,13.045975685119629,278.3123363876889,16,1.7981325387954712,0.6268097469199337,0.8922759890556335
OutdoorManMade,035,13.483529090881348,307.07388049898464,24,1.11785888671875,0.4664500466567412,0.8222939968109131
OutdoorManMade,037,13.180082321166992,243.82034207902575,28,1.8149807453155518,0.567522579182936,0.8622358441352844
OutdoorManMade,039,12.923628807067871,243.46269614134602,8,2.266786813735962,0.7386319640388471,0.8839682340621948
OutdoorManMade,041,12.79529857635498,254.17676112590019,8,3.0736958980560303,0.7525235098679479,0.882082462310791
OutdoorManMade,043,12.656388282775879,233.48258945419525,8,2.9671435356140137,0.6216906345922004,0.9253823161125183
OutdoorManMade,045,12.78476619720459,254.35049368177053,8,3.231827735900879,0.7880882671107794,0.9021322727203369
OutdoorManMade,047,12.844508171081543,190.1062985812722,4,2.8732564449310303,0.6870018381474318,0.8997955918312073
OutdoorManMade,049,13.38621997833252,282.7335717113307,4,1.4145758152008057,0.5234159481084861,0.8541409373283386
OutdoorManMade,051,13.113860130310059,332.9648813864665,12,0.9559647440910339,0.37534014939956456,0.8192405700683594
OutdoorManMade,053,13.002593040466309,223.10802246723176,8,1.0573616027832031,0.4285438245348126,0.8105415105819702
OutdoorManMade,055,12.672372817993164,231.73075339029717,8,2.4714441299438477,0.7734785054814167,0.8879691362380981
OutdoorManMade,057,12.825797080993652,246.34515689274787,4,1.9444001913070679,0.6737291953647322,0.865781307220459
OutdoorManMade,059,12.945077896118164,231.57717974843456,12,2.1460728645324707,0.7543645870524754,0.8579244613647461
OutdoorManMade,061,13.029276847839355,325.6329975693267,8,1.348724126815796,0.5057813195822335,0.8708584904670715
OutdoorManMade,063,13.202362060546875,246.36750100354024,8,1.986785650253296,0.7122539500145019,0.8669329881668091
OutdoorManMade,065,12.506755828857422,232.43508268747993,8,2.007676839828491,0.6747102317307132,0.877041220664978
OutdoorManMade,067,13.175503730773926,322.0719512247832,4,1.8480089902877808,0.6376704059961051,0.8744352459907532
OutdoorManMade,069,13.360337257385254,279.2377527149127,8,1.4259244203567505,0.4789805124453825,0.8300713896751404
OutdoorNatural,001,13.457966804504395,300.2584558607485,12,1.5738799571990967,0.5631130935531309,0.8480797410011292
OutdoorNatural,003,13.330609321594238,275.78923874254946,4,1.2204868793487549,0.43708555109865915,0.8148603439331055
OutdoorNatural,005,13.280332565307617,357.05345033359396,8,1.5999946594238281,0.5422249024683934,0.8692101240158081
OutdoorNatural,007,13.116686820983887,273.0740627430397,4,1.4752941131591797,0.5046891147503161,0.8577248454093933
OutdoorNatural,009,13.172759056091309,224.46760152078718,16,2.1148927211761475,0.6814596095156049,0.8947661519050598
OutdoorNatural,011,13.424016952514648,273.34813326355305,24,1.8059900999069214,0.6731135305203919,0.8520501852035522
OutdoorNatural,013,13.33144474029541,280.5422516134364,8,1.17965567111969,0.5052761386203671,0.802736759185791
OutdoorNatural,015,12.850759506225586,240.9936672083296,8,1.5608612298965454,0.5473687476720862,0.8748947978019714
OutdoorNatural,017,12.977927207946777,369.159925670257,4,1.3514518737792969,0.5231881928379976,0.8542507290840149
OutdoorNatural,019,13.319212913513184,286.6108326320076,8,1.7732570171356201,0.6774803615765536,0.8474798798561096
OutdoorNatural,021,12.736676216125488,211.5380275398707,12,2.1957836151123047,0.6360470408032344,0.8852992653846741
OutdoorNatural,023,13.262205123901367,313.5971300336329,8,1.7142010927200317,0.6241540581953695,0.8627397418022156
OutdoorNatural,025,12.907062530517578,240.2181844452689,8,1.8243921995162964,0.5761906527985121,0.8826575875282288
OutdoorNatural,027,12.466876029968262,171.05103326494816,4,4.2055277824401855,0.80988135917931,0.9171034693717957
OutdoorNatural,029,12.79509449005127,249.60351976904894,4,2.2270705699920654,0.6536898925759815,0.8908628225326538
OutdoorNatural,031,13.190686225891113,265.12255093671433,8,2.299058675765991,0.6885890438929057,0.870658278465271
OutdoorNatural,033,13.48997688293457,315.5255718940239,4,1.4396092891693115,0.5709662706443239,0.8485358953475952
OutdoorNatural,035,13.361710548400879,283.4475199516628,36,1.4979393482208252,0.5851986333471088,0.8174195289611816
OutdoorNatural,037,12.621670722961426,230.76935865918472,8,2.5257153511047363,0.7141287416631912,0.9031208157539368
OutdoorNatural,039,12.891046524047852,264.16422453802545,8,1.5031076669692993,0.5442746929464971,0.864298403263092
OutdoorNatural,041,13.255003929138184,260.7936966731464,40,1.4179426431655884,0.48500039836100495,0.8643432855606079
OutdoorNatural,043,13.417181968688965,273.44028953378904,24,1.8052676916122437,0.6147708141165813,0.8675336837768555
OutdoorNatural,045,13.305962562561035,265.37282487420237,12,1.3402109146118164,0.5509476433126003,0.827531099319458
OutdoorNatural,047,13.083105087280273,273.3557144620617,8,2.484962224960327,0.6833380116364451,0.8906852006912231
OutdoorNatural,049,13.085722923278809,307.2240143379419,12,1.7346065044403076,0.5696792525550421,0.8615047931671143
OutdoorNatural,051,13.361726760864258,259.7217756639797,20,2.0171170234680176,0.6861722657961856,0.8546308279037476
OutdoorNatural,053,13.371441841125488,270.2561342605269,12,1.012353777885437,0.49375926319388574,0.7792424559593201
OutdoorNatural,055,13.02786636352539,232.1410418346941,8,2.217517375946045,0.7422108417250388,0.8537569642066956
OutdoorNatural,057,12.632201194763184,310.6823111833329,8,2.1856322288513184,0.6832429077136907,0.8851001262664795
OutdoorNatural,059,12.740702629089355,245.26808649021703,4,0.9828743934631348,0.43414824941345515,0.7969865202903748
OutdoorNatural,061,12.692476272583008,354.5014868553672,4,1.670498251914978,0.5296465119496039,0.8645136952400208
OutdoorNatural,063,13.360217094421387,288.0195472382422,24,1.7042783498764038,0.5943555035847441,0.8526433110237122
OutdoorNatural,065,13.277949333190918,279.39480456129365,16,1.8511618375778198,0.6642428733139172,0.8650312423706055
OutdoorNatural,067,12.8883638381958,272.88986119868633,4,2.3981680870056152,0.577685400400461,0.891211211681366
OutdoorNatural,069,13.408225059509277,278.9490433789849,8,1.5469133853912354,0.5386900715325612,0.8731555938720703
Pattern,001,13.479263305664062,281.46606041832973,4,1.2733430862426758,0.48822699700873773,0.8157258629798889
Pattern,003,13.376440048217773,268.72658855968655,32,2.338620662689209,0.5738304455602138,0.9148502349853516
Pattern,005,13.374531745910645,265.1208700059393,28,1.9555670022964478,0.5363309987810742,0.8878462910652161
Pattern,007,12.856610298156738,273.61800854202625,8,1.0999889373779297,0.40974594718616025,0.850096583366394
Pattern,009,13.384157180786133,268.40526413860584,36,1.692383885383606,0.5470974223547614,0.8817923665046692
Pattern,011,13.536568641662598,286.36591782295534,20,1.537285327911377,0.5378081658067949,0.8563355207443237
Pattern,013,13.336315155029297,248.30794059886014,4,2.5193159580230713,0.7219293991460592,0.9021872282028198
Pattern,015,13.052327156066895,236.6678716594421,4,1.9668347835540771,0.5559497195164481,0.89335036277771
Pattern,017,13.506569862365723,319.3414356448088,12,1.5694829225540161,0.520602214498526,0.8469268679618835
Pattern,019,13.570088386535645,277.47013298689313,24,2.148756504058838,0.6193289529727981,0.895205557346344
Pattern,021,12.051499366760254,155.49126407872942,4,4.831202983856201,0.858915906757947,0.8962316513061523
Pattern,023,13.59428596496582,283.4641482181575,60,1.550853967666626,0.5284391924595093,0.8439927101135254
Pattern,025,13.049837112426758,268.2846021826462,8,1.042202353477478,0.3539762638489691,0.8363434076309204
Pattern,027,11.831850051879883,169.16923999165525,12,2.36513614654541,0.5638352397024814,0.9250568747520447
Pattern,029,13.073234558105469,257.62307894521985,8,1.348562479019165,0.47931304813264697,0.8411750793457031
Pattern,031,13.252696990966797,274.92544288490575,4,2.0720372200012207,0.5945553415102243,0.8788080811500549
Pattern,033,13.297553062438965,272.561512952194,12,1.424891471862793,0.5161209778647684,0.8663689494132996
Pattern,035,13.272809028625488,337.1558328477799,4,0.8328209519386292,0.3280670575029622,0.8208416104316711
Pattern,037,13.561367988586426,274.348687142786,36,2.1150567531585693,0.5814192813926319,0.8900283575057983
Pattern,039,12.418265342712402,295.2425065674695,20,1.3372128009796143,0.42259438170248664,0.8886892199516296
Pattern,041,12.204842567443848,295.5194238163214,4,1.8870598077774048,0.5834814541843089,0.8720059394836426
Pattern,043,12.472517013549805,277.1350423695172,8,1.7266708612442017,0.5177024574466117,0.8672525882720947
Pattern,045,13.179143905639648,278.59064441912034,8,1.8795722723007202,0.47972572757709236,0.8776025772094727
Pattern,047,13.205389022827148,335.33225350008007,16,0.892665684223175,0.2755238620077055,0.8210559487342834
Pattern,049,12.788715362548828,269.9808887416974,20,1.5867962837219238,0.378395792307375,0.864589512348175
Pattern,051,12.481081008911133,260.13325282472744,8,1.8339837789535522,0.6346925102071487,0.832771360874176
Pattern,053,13.133880615234375,230.20204056982297,4,2.454829454421997,0.7543714467398843,0.8574333190917969
Pattern,055,13.230178833007812,267.6647491130451,28,2.163004159927368,0.5540499490009965,0.8923928737640381
Pattern,057,12.962905883789062,245.84615860825917,8,1.6552484035491943,0.5770199318063489,0.8708525896072388
Pattern,059,13.016155242919922,248.62131529962195,24,2.1123409271240234,0.6018968817974026,0.8807734847068787
Pattern,061,13.195502281188965,287.6504456091857,12,1.3779882192611694,0.506624288720075,0.8455429673194885
Pattern,063,13.505422592163086,280.49904613481135,4,1.9719043970108032,0.5399895653105835,0.8913989663124084
Pattern,065,13.11892032623291,222.19914403098872,4,2.557183027267456,0.5701554299071476,0.8939736485481262
Pattern,067,12.990483283996582,277.27628725796546,4,0.9559873342514038,0.4224735625429131,0.8054052591323853
Pattern,069,13.073138236999512,233.58876036319384,8,2.6835103034973145,0.6342398959526913,0.9224846363067627
Random,001,12.837949752807617,245.04279848682904,12,1.621762752532959,0.6208127313854953,0.8580594062805176
Random,003,12.428349494934082,287.86482847596994,4,2.5214438438415527,0.6307161760716434,0.9029175043106079
Random,005,13.323102951049805,258.91301371704554,40,1.8000946044921875,0.5556418615364603,0.8589335083961487
Random,007,12.367683410644531,246.4906717457192,8,2.658179521560669,0.7847829322912159,0.9072067141532898
Random,009,13.39859390258789,274.76333301183485,16,1.446357250213623,0.5673326658228554,0.8162422180175781
Random,011,12.733277320861816,259.27367907501923,12,1.803946852684021,0.617819263019785,0.8782407641410828
Random,013,12.66943073272705,240.39866198699926,4,1.6611473560333252,0.5116697503107958,0.8677780628204346
Random,015,12.561823844909668,289.2513514331738,4,0.408519983291626,0.1524608747851182,0.8341183662414551
Random,017,12.63804817199707,288.358437236913,8,1.4874060153961182,0.4257430384332715,0.8897590637207031
Random,019,12.849177360534668,345.0455061802291,4,1.4768210649490356,0.4898777234219688,0.8817028403282166
Random,021,11.945683479309082,390.075067106197,4,0.9246214032173157,0.2809983222780108,0.8470726609230042
Random,023,12.755111694335938,241.57200907462007,8,1.400454044342041,0.4596156025581348,0.8994789719581604
Random,025,11.125991821289062,116.36723076552755,4,3.975137948989868,0.6847184153580209,0.9326275587081909
Random,027,12.976629257202148,288.21438963903245,12,1.459195613861084,0.5117017827617136,0.8699177503585815
Random,029,12.491950035095215,197.78868725567588,8,3.630009174346924,0.8577267469003503,0.9164968729019165
Random,031,11.688702583312988,244.47660900295588,4,3.2149770259857178,0.7597300045626006,0.9354525208473206
Random,033,12.765205383300781,344.70958093327,12,1.8622825145721436,0.5614174952506414,0.8706918358802795
Random,035,11.920044898986816,217.98403590065476,4,2.963195323944092,0.6932186227794088,0.9297356605529785
Random,037,12.29409408569336,205.90092422178236,4,1.5920361280441284,0.44786116349192845,0.8981721997261047
Random,039,12.984054565429688,237.8854324590295,4,3.546523094177246,0.785913136384426,0.9182798862457275
Random,041,12.292871475219727,298.0517967191073,8,2.317976951599121,0.62443358112142,0.8807862997055054
Random,043,12.69955062866211,231.4744805580437,20,2.7441017627716064,0.7819836603952683,0.9146617650985718
Random,045,12.585689544677734,177.71889757619465,4,2.742894411087036,0.7351814639862527,0.9207746982574463
Random,047,12.704148292541504,261.1050481921549,8,2.720310688018799,0.7338275731125257,0.9145399332046509
Random,049,13.249534606933594,304.2315489417128,4,0.7011380195617676,0.23873842673178589,0.8283588886260986
Random,051,12.485546112060547,233.90284986948538,12,1.4538257122039795,0.4779631881458811,0.8923320770263672
Random,053,13.444222450256348,309.47296518685914,16,1.2254074811935425,0.504682964003088,0.8283284306526184
Random,055,12.8436279296875,304.0322393140911,4,1.5840704441070557,0.49174774185698583,0.8840035796165466
Random,057,13.1734619140625,264.9456582571699,4,1.6557725667953491,0.5751999575408226,0.8690515756607056
Random,059,13.004067420959473,291.2245110413602,4,1.0361146926879883,0.3561287033522419,0.8234584331512451
Random,061,12.696527481079102,270.15880357288876,20,1.947823166847229,0.5557557092463051,0.8944123387336731
Random,063,12.137386322021484,312.1371566163885,4,2.689319133758545,0.6789297884862796,0.8475492596626282
Random,065,13.443589210510254,267.23302739803864,24,1.9157109260559082,0.6301533482221969,0.8670801520347595
Random,067,13.060266494750977,257.4068052756247,8,2.7173080444335938,0.7652482371702499,0.9010129570960999
Random,069,13.406403541564941,376.9663282409683,8,1.5635026693344116,0.5099376353873635,0.8567824959754944
Satelite,001,13.076659202575684,226.45926065802894,4,2.4101505279541016,0.6770508169749132,0.8749541640281677
Satelite,003,13.565303802490234,362.3511486879313,8,1.0855463743209839,0.4345797968338283,0.8106571435928345
Satelite,005,13.13546085357666,216.9281312818174,16,2.542158365249634,0.6433422214138869,0.9040536880493164
Satelite,007,13.273707389831543,274.01610946308404,8,1.0745197534561157,0.410903685643212,0.7831495404243469
Satelite,009,13.584667205810547,343.9592998426749,28,1.2704784870147705,0.46153256293221384,0.8145579099655151
Satelite,011,13.274309158325195,308.73799126699123,8,0.7594521641731262,0.3396380435133603,0.7783886790275574
Satelite,013,12.936847686767578,279.12807145504667,8,1.2837938070297241,0.5169360096122836,0.8220540285110474
Satelite,015,13.562102317810059,313.7876549893937,24,1.0831332206726074,0.49309532692353514,0.7740041613578796
Satelite,017,13.357373237609863,319.06523450935435,16,0.6170807480812073,0.25704686621636297,0.713092565536499
Satelite,019,13.266371726989746,277.2227691139655,4,0.8761197328567505,0.36431272565174383,0.7877264022827148
Satelite,021,13.43226146697998,290.6689677952654,8,1.128237247467041,0.4786308111051151,0.7861596345901489
Satelite,023,13.611684799194336,292.234082488989,40,1.4454973936080933,0.5407860227952092,0.8024795055389404
Satelite,025,13.166146278381348,272.56850523482876,4,1.6728882789611816,0.651951489109398,0.8085867166519165
Satelite,027,13.290473937988281,261.471613708809,4,1.264525055885315,0.5113420721412864,0.7751476764678955
Satelite,029,13.500791549682617,306.2462854313908,4,1.1844431161880493,0.4501292471191185,0.7891476154327393
Satelite,031,12.615625381469727,197.9998737257014,8,2.463491678237915,0.6958409443899854,0.8636779189109802
Satelite,033,13.159074783325195,329.9940629859002,4,1.4982469081878662,0.49598687623564447,0.7751060724258423
Satelite,035,13.570408821105957,301.95438968355734,20,1.4106208086013794,0.5468236399330936,0.8125939965248108
Satelite,037,13.112659454345703,230.22559375700823,4,1.852552890777588,0.6575914324991625,0.8772318363189697
Satelite,039,13.258403778076172,244.7135448723112,8,2.1273458003997803,0.6930683232383665,0.8692951798439026
Satelite,041,13.534771919250488,316.66500029470683,16,1.4194626808166504,0.5123509888637351,0.8340659141540527
Satelite,043,13.34276008605957,253.08921294354764,16,1.686339259147644,0.5371547397876982,0.866986870765686
Satelite,045,13.558384895324707,298.98818298111723,16,1.579092025756836,0.6157118403910229,0.808702290058136
Satelite,047,13.325958251953125,264.3548032367446,4,1.1485174894332886,0.46094018494507644,0.7847975492477417
Satelite,049,13.360673904418945,303.57269047457487,4,0.9542964100837708,0.40708875763631575,0.7886220216751099
Satelite,051,13.67199420928955,354.9055206471511,32,1.2261015176773071,0.5317042063779404,0.793437659740448
Satelite,053,13.208473205566406,248.5924703135061,8,1.4685263633728027,0.5611346111176088,0.819532036781311
Satelite,055,13.269737243652344,419.7055106245859,12,1.0947792530059814,0.46223043294754435,0.8046858310699463
Satelite,057,13.051676750183105,226.3939314646941,16,1.739919900894165,0.6884070592223172,0.8526039123535156
Satelite,059,13.354182243347168,280.5759981879279,8,0.6982859969139099,0.3070336388493493,0.7522751092910767
Satelite,061,13.368114471435547,270.1126536146458,16,1.7577615976333618,0.6007806051071071,0.8603020310401917
Satelite,063,12.22813606262207,173.60531827340424,4,2.1750707626342773,0.6059342636968099,0.9341922998428345
Satelite,065,13.363654136657715,297.3699416118651,12,1.3253320455551147,0.46470608341517916,0.8379293084144592
Satelite,067,12.973960876464844,244.7290638707049,4,1.7011017799377441,0.5096657268223814,0.8549937009811401
Satelite,069,13.031652450561523,242.7674243690829,4,1.928789734840393,0.60612396155887,0.8820281028747559
Sketch,001,12.226336479187012,156.8338255533833,8,3.2070887088775635,0.7685173018805216,0.9218868613243103
Sketch,003,12.373809814453125,162.80814279075645,12,3.7490320205688477,0.7729117261320568,0.9283769726753235
Sketch,005,12.798622131347656,239.34379060086007,8,2.4972198009490967,0.697963721028731,0.9059691429138184
Sketch,007,12.251094818115234,196.47629175427133,4,1.6067259311676025,0.388422744399585,0.9183635115623474
Sketch,009,12.577774047851562,200.34077851078249,4,2.0429654121398926,0.6238988982293224,0.9009596109390259
Sketch,011,12.73379898071289,246.37066545506642,4,2.0548441410064697,0.6458073664993833,0.8786731362342834
Sketch,013,12.29100513458252,148.20909836037626,4,4.6668009757995605,0.8305525068108597,0.9340223670005798
Sketch,015,12.516244888305664,214.29505027247643,8,2.7359795570373535,0.7219035831273771,0.9237977862358093
Sketch,017,12.876731872558594,276.2987214170381,8,2.211508274078369,0.6583454546349852,0.8881134986877441
Sketch,019,13.018834114074707,321.597521139393,8,1.2184569835662842,0.3940163201260295,0.8568837642669678
Sketch,021,12.168992042541504,294.2652404838553,8,2.2290639877319336,0.6699035688199206,0.9143115878105164
Sketch,023,12.199845314025879,135.03388533219618,4,4.487320423126221,0.7815447753555217,0.9374997615814209
Sketch,025,12.87618637084961,232.00381058294147,20,2.1588194370269775,0.6363381193556492,0.8968774080276489
Sketch,027,11.562857627868652,182.3468702414491,8,4.137795448303223,0.7964447733209156,0.9438586831092834
Sketch,029,12.557901382446289,198.71753524060077,4,2.557335376739502,0.7283700478303353,0.8747620582580566
Sketch,031,12.536190032958984,167.18828854143268,16,2.923614740371704,0.7586711168440237,0.9394744634628296
Sketch,033,12.506538391113281,186.85721264989556,20,3.3714003562927246,0.8524821260579869,0.9593007564544678
Sketch,035,12.50084114074707,183.319573192397,4,2.756527900695801,0.6996137890202274,0.9465149641036987
Sketch,037,12.56391716003418,254.87500831893126,12,2.2274019718170166,0.5707925133061194,0.9159790277481079
Sketch,039,12.311927795410156,149.23590024673172,8,4.014803886413574,0.7736005105562881,0.9624183177947998
Sketch,041,12.698095321655273,212.3028646264433,8,2.0835084915161133,0.49764914428311685,0.9203755259513855
Sketch,043,12.32492733001709,282.26284761138976,8,2.784538984298706,0.6525699722828355,0.9259313344955444
Sketch,045,12.704841613769531,293.45282587619533,4,2.687046527862549,0.6387007224969916,0.8870583176612854
Sketch,047,12.669650077819824,204.9201826281807,4,3.0261499881744385,0.7775754186285743,0.9221270680427551
Sketch,049,12.754863739013672,266.5728615965348,8,2.354257345199585,0.6574040504594285,0.9002136588096619
Sketch,051,12.91077709197998,228.69906445242978,12,2.016366958618164,0.6795336786319908,0.9025670886039734
Sketch,053,12.192187309265137,240.562914378411,4,2.6901865005493164,0.7701696263849449,0.933966338634491
Sketch,055,11.824191093444824,204.11447637971176,8,3.1255874633789062,0.7098437782286009,0.9417411684989929
Sketch,057,12.727161407470703,233.7556334447696,16,2.557126045227051,0.7195794700636964,0.9135417938232422
Sketch,059,12.3130464553833,162.942671458859,12,3.489344596862793,0.7903288285764702,0.9424023032188416
Sketch,061,12.544740676879883,198.6551909520389,4,3.3358657360076904,0.7238748475371689,0.9266047477722168
Sketch,063,12.503381729125977,247.66416007683566,8,2.5828938484191895,0.6568092716433589,0.9373881220817566
Sketch,065,12.910527229309082,211.75657484777048,8,1.9643032550811768,0.614314596906214,0.9092416763305664
Sketch,067,12.621410369873047,264.7381346516455,4,2.5124104022979736,0.6442977617241223,0.9084852933883667
Sketch,069,12.377917289733887,200.53721652261228,8,3.0637967586517334,0.7041793611540418,0.929648220539093
Social,001,12.508688926696777,229.6339817216581,20,1.6685001850128174,0.6043926984151143,0.856770396232605
Social,003,12.563935279846191,270.75632668974663,8,1.6483837366104126,0.45768841115907216,0.8764256238937378
Social,005,12.96674633026123,299.5588666880298,8,2.120159864425659,0.6575026590812176,0.8675796985626221
Social,007,12.735297203063965,344.23739112784847,8,1.7409907579421997,0.6298363846572566,0.8817399740219116
Social,009,12.730725288391113,250.2723007862123,16,2.220510959625244,0.6981905277282109,0.8985748291015625
Social,011,12.37902545928955,207.56143569093283,12,2.115447521209717,0.6465704826279286,0.8963412642478943
Social,013,12.850428581237793,319.87905044557453,8,1.171777606010437,0.4438013397882145,0.8470767736434937
Social,015,12.255252838134766,250.21256071466476,4,2.1419639587402344,0.6287789733725591,0.8639359474182129
Social,017,12.46152400970459,218.35322974363496,4,3.1067237854003906,0.7935414802400277,0.9193689823150635
Social,019,12.797117233276367,241.01983857243388,4,2.0022411346435547,0.6683240754025266,0.8772915601730347
Social,021,12.622631072998047,278.8213613755096,4,2.6174497604370117,0.6604812324750091,0.8965449929237366
Social,023,12.563584327697754,259.953241601106,4,1.7733445167541504,0.5914725898597811,0.8858805894851685
Social,025,13.1678466796875,295.29971437815425,4,1.5343409776687622,0.4927136859714077,0.8122587203979492
Social,027,12.790087699890137,279.3992300260038,4,2.464294910430908,0.687513351092434,0.886042058467865
Social,029,12.621745109558105,295.7703365122401,8,2.0729310512542725,0.5710094046877762,0.8679344654083252
Social,031,12.68996810913086,262.02492251810713,8,2.5732576847076416,0.7612748625574397,0.9151619672775269
Social,033,13.060084342956543,277.4742791279035,8,1.2110933065414429,0.4795589762760269,0.8001408576965332
Social,035,12.20776653289795,259.2060958599385,4,2.8143320083618164,0.6997067284553762,0.8711763024330139
Social,037,12.122166633605957,206.35114622304155,4,2.88564395904541,0.7253291652491104,0.9131701588630676
Social,039,12.885025978088379,241.0647961413001,16,1.2525856494903564,0.5023494459231617,0.8171253204345703
Social,041,12.367243766784668,307.10555548626235,4,1.8361172676086426,0.5258551427891968,0.8477842211723328
Social,043,12.719076156616211,217.7091129139796,12,2.9141969680786133,0.7902659092160107,0.9055479168891907
Social,045,13.272555351257324,347.7677244689238,12,1.4543722867965698,0.5328260241279038,0.8404317498207092
Social,047,12.658160209655762,263.94096178975497,4,2.294318437576294,0.6992782639982722,0.8554470539093018
Social,049,12.881099700927734,278.5358840963936,12,2.0364012718200684,0.6745415714762677,0.8672441840171814
Social,051,12.75173568725586,269.3130065437724,8,1.6716043949127197,0.6011110482503144,0.860351026058197
Social,053,12.69935417175293,237.75290656937017,8,2.008584976196289,0.6569958212746692,0.8709672093391418
Social,055,12.30375862121582,256.2716108638251,8,2.4389493465423584,0.6781431845206117,0.8925255537033081
Social,057,12.793924331665039,229.26817918913304,8,2.0705108642578125,0.6485255510075075,0.9049068093299866
Social,059,12.954351425170898,276.8701744646633,4,1.8061703443527222,0.6269363769073942,0.8563092350959778
Social,061,12.750386238098145,308.22236294042904,8,1.6399399042129517,0.49311705731938765,0.8535998463630676
Social,063,13.105653762817383,285.0488521807989,32,1.3748258352279663,0.5804236284382985,0.8395740389823914
Social,065,12.846199035644531,262.46418885716196,8,1.859487771987915,0.6172223362510451,0.8759039640426636
Social,067,12.637595176696777,271.9314471657761,4,2.014526605606079,0.5886314452491364,0.8920186161994934
Social,069,12.849735260009766,231.79852277963585,4,2.1755800247192383,0.6805133088458896,0.8740066885948181
